PartitionKey,RowKey,FirstName,FirstName@type,LastName,LastName@type,LastUpdated,LastUpdated@type
Person,1,Shu,Edm.String,Blazek,Edm.String,2016-12-02T06:20:06.045Z,Edm.DateTime
Person,2,Joeann,Edm.String,Lassiter,Edm.String,2016-12-02T06:20:06.045Z,Edm.DateTime
Person,3,Nickole,Edm.String,Hamburger,Edm.String,2016-12-02T06:20:06.045Z,Edm.DateTime
Person,4,Sharyl,Edm.String,Weissman,Edm.String,2016-12-02T06:20:06.045Z,Edm.DateTime
Person,5,Toni,Edm.String,Burstein,Edm.String,2016-12-02T06:20:06.045Z,Edm.DateTime
Person,6,Leona,Edm.String,Vanegas,Edm.String,2016-12-02T06:20:06.045Z,Edm.DateTime
Person,7,Ben,Edm.String,Arana,Edm.String,2016-12-02T06:20:06.045Z,Edm.DateTime
Person,8,Jesse,Edm.String,Gehringer,Edm.String,2016-12-02T06:20:06.045Z,Edm.DateTime
Person,9,Jenell,Edm.String,Whittington,Edm.String,2016-12-02T06:20:06.045Z,Edm.DateTime
Person,10,Jolene,Edm.String,Abraham,Edm.String,2016-12-02T06:20:06.045Z,Edm.DateTime
Person,11,Fernando,Edm.String,Horsman,Edm.String,2016-12-02T06:20:06.045Z,Edm.DateTime
Person,12,Quentin,Edm.String,Gu,Edm.String,2016-12-02T06:20:06.045Z,Edm.DateTime
Person,13,Calista,Edm.String,Fils,Edm.String,2016-12-02T06:20:06.045Z,Edm.DateTime
Person,14,Christeen,Edm.String,Meisinger,Edm.String,2016-12-02T06:20:06.045Z,Edm.DateTime
Person,15,Adrianna,Edm.String,Luman,Edm.String,2016-12-02T06:20:06.045Z,Edm.DateTime
Person,16,Abram,Edm.String,Lauro,Edm.String,2016-12-02T06:20:06.045Z,Edm.DateTime
Person,17,Shayna,Edm.String,Banks,Edm.String,2016-12-02T06:20:06.045Z,Edm.DateTime
Person,18,Tyree,Edm.String,Fluke,Edm.String,2016-12-02T06:20:06.045Z,Edm.DateTime
Person,19,Jung,Edm.String,Eurich,Edm.String,2016-12-02T06:20:06.045Z,Edm.DateTime
Person,20,Freddie,Edm.String,Landen,Edm.String,2016-12-02T06:20:06.045Z,Edm.DateTime
Person,21,Melva,Edm.String,Mclennon,Edm.String,2016-12-02T06:20:06.045Z,Edm.DateTime
Person,22,Marlon,Edm.String,Buchholz,Edm.String,2016-12-02T06:20:06.045Z,Edm.DateTime
Person,23,Natalya,Edm.String,Pina,Edm.String,2016-12-02T06:20:06.045Z,Edm.DateTime
Person,24,Hope,Edm.String,Lablanc,Edm.String,2016-12-02T06:20:06.045Z,Edm.DateTime
Person,25,Kraig,Edm.String,Cooksey,Edm.String,2016-12-02T06:20:06.045Z,Edm.DateTime
Person,26,Marry,Edm.String,Featherston,Edm.String,2016-12-02T06:20:06.045Z,Edm.DateTime
Person,27,Bridgett,Edm.String,Machnik,Edm.String,2016-12-02T06:20:06.045Z,Edm.DateTime
Person,28,Eboni,Edm.String,Salsman,Edm.String,2016-12-02T06:20:06.045Z,Edm.DateTime
Person,29,Mitzi,Edm.String,Bench,Edm.String,2016-12-02T06:20:06.045Z,Edm.DateTime
Person,30,Cecil,Edm.String,Burlingame,Edm.String,2016-12-02T06:20:06.045Z,Edm.DateTime
Person,31,Tad,Edm.String,Sydow,Edm.String,2016-12-02T06:20:06.045Z,Edm.DateTime
Person,32,Jesus,Edm.String,Aune,Edm.String,2016-12-02T06:20:06.045Z,Edm.DateTime
Person,33,Lakia,Edm.String,Breckenridge,Edm.String,2016-12-02T06:20:06.045Z,Edm.DateTime
Person,34,Samantha,Edm.String,Griffey,Edm.String,2016-12-02T06:20:06.045Z,Edm.DateTime
Person,35,Lizzie,Edm.String,Burchette,Edm.String,2016-12-02T06:20:06.045Z,Edm.DateTime
Person,36,Melba,Edm.String,Cardenas,Edm.String,2016-12-02T06:20:06.045Z,Edm.DateTime
Person,37,Tammara,Edm.String,Spano,Edm.String,2016-12-02T06:20:06.045Z,Edm.DateTime
Person,38,Mary,Edm.String,Bolander,Edm.String,2016-12-02T06:20:06.045Z,Edm.DateTime
Person,39,Sherell,Edm.String,Flax,Edm.String,2016-12-02T06:20:06.045Z,Edm.DateTime
Person,40,Christi,Edm.String,Wolters,Edm.String,2016-12-02T06:20:06.045Z,Edm.DateTime
Person,41,Roslyn,Edm.String,Domino,Edm.String,2016-12-02T06:20:06.045Z,Edm.DateTime
Person,42,Carmelia,Edm.String,Kosakowski,Edm.String,2016-12-02T06:20:06.045Z,Edm.DateTime
Person,43,Amada,Edm.String,Harcrow,Edm.String,2016-12-02T06:20:06.045Z,Edm.DateTime
Person,44,Danette,Edm.String,Colton,Edm.String,2016-12-02T06:20:06.045Z,Edm.DateTime
Person,45,Frederic,Edm.String,Picou,Edm.String,2016-12-02T06:20:06.045Z,Edm.DateTime
Person,46,Clara,Edm.String,Grandison,Edm.String,2016-12-02T06:20:06.045Z,Edm.DateTime
Person,47,Vincent,Edm.String,Leger,Edm.String,2016-12-02T06:20:06.045Z,Edm.DateTime
Person,48,Cathey,Edm.String,Saiki,Edm.String,2016-12-02T06:20:06.045Z,Edm.DateTime
Person,49,Latashia,Edm.String,Aceves,Edm.String,2016-12-02T06:20:06.045Z,Edm.DateTime
Person,50,Florinda,Edm.String,Cleland,Edm.String,2016-12-02T06:20:06.045Z,Edm.DateTime
Person,51,Cecile,Edm.String,Urquhart,Edm.String,2016-12-02T06:20:06.045Z,Edm.DateTime
Person,52,Kaycee,Edm.String,Bevil,Edm.String,2016-12-02T06:20:06.045Z,Edm.DateTime
Person,53,Christiana,Edm.String,Pio,Edm.String,2016-12-02T06:20:06.045Z,Edm.DateTime
Person,54,Joseph,Edm.String,Edmiston,Edm.String,2016-12-02T06:20:06.045Z,Edm.DateTime
Person,55,Alicia,Edm.String,Nickels,Edm.String,2016-12-02T06:20:06.045Z,Edm.DateTime
Person,56,Katelynn,Edm.String,Wishart,Edm.String,2016-12-02T06:20:06.045Z,Edm.DateTime
Person,57,Noel,Edm.String,Pipes,Edm.String,2016-12-02T06:20:06.045Z,Edm.DateTime
Person,58,Jimmie,Edm.String,Dryden,Edm.String,2016-12-02T06:20:06.045Z,Edm.DateTime
Person,59,Angla,Edm.String,Casagrande,Edm.String,2016-12-02T06:20:06.045Z,Edm.DateTime
Person,60,Loreta,Edm.String,Quillin,Edm.String,2016-12-02T06:20:06.045Z,Edm.DateTime
Person,61,Ashlee,Edm.String,Verde,Edm.String,2016-12-02T06:20:06.045Z,Edm.DateTime
Person,62,Anastacia,Edm.String,Rita,Edm.String,2016-12-02T06:20:06.045Z,Edm.DateTime
Person,63,Odette,Edm.String,Yeomans,Edm.String,2016-12-02T06:20:06.045Z,Edm.DateTime
Person,64,Merissa,Edm.String,Ambler,Edm.String,2016-12-02T06:20:06.045Z,Edm.DateTime
Person,65,Trudie,Edm.String,Eberhard,Edm.String,2016-12-02T06:20:06.045Z,Edm.DateTime
Person,66,Shawnna,Edm.String,Selden,Edm.String,2016-12-02T06:20:06.045Z,Edm.DateTime
Person,67,Gemma,Edm.String,Bosley,Edm.String,2016-12-02T06:20:06.045Z,Edm.DateTime
Person,68,Lucius,Edm.String,Ursery,Edm.String,2016-12-02T06:20:06.045Z,Edm.DateTime
Person,69,Eric,Edm.String,Annunziata,Edm.String,2016-12-02T06:20:06.045Z,Edm.DateTime
Person,70,Kum,Edm.String,Esker,Edm.String,2016-12-02T06:20:06.045Z,Edm.DateTime
Person,71,Cassondra,Edm.String,Heinrichs,Edm.String,2016-12-02T06:20:06.045Z,Edm.DateTime
Person,72,Cuc,Edm.String,Pinter,Edm.String,2016-12-02T06:20:06.045Z,Edm.DateTime
Person,73,Cathrine,Edm.String,Schur,Edm.String,2016-12-02T06:20:06.045Z,Edm.DateTime
Person,74,Rowena,Edm.String,Prettyman,Edm.String,2016-12-02T06:20:06.045Z,Edm.DateTime
Person,75,Lanell,Edm.String,Shorty,Edm.String,2016-12-02T06:20:06.045Z,Edm.DateTime
Person,76,Laurel,Edm.String,Cryan,Edm.String,2016-12-02T06:20:06.045Z,Edm.DateTime
Person,77,Christal,Edm.String,Castanon,Edm.String,2016-12-02T06:20:06.045Z,Edm.DateTime
Person,78,Colene,Edm.String,Chu,Edm.String,2016-12-02T06:20:06.045Z,Edm.DateTime
Person,79,Tressa,Edm.String,Linden,Edm.String,2016-12-02T06:20:06.045Z,Edm.DateTime
Person,80,Jenise,Edm.String,Zucco,Edm.String,2016-12-02T06:20:06.045Z,Edm.DateTime
Person,81,Dagny,Edm.String,Newhard,Edm.String,2016-12-02T06:20:06.045Z,Edm.DateTime
Person,82,Cordia,Edm.String,Piccirillo,Edm.String,2016-12-02T06:20:06.045Z,Edm.DateTime
Person,83,Markita,Edm.String,Rakowski,Edm.String,2016-12-02T06:20:06.045Z,Edm.DateTime
Person,84,Alan,Edm.String,Coldwell,Edm.String,2016-12-02T06:20:06.045Z,Edm.DateTime
Person,85,Belia,Edm.String,Red,Edm.String,2016-12-02T06:20:06.045Z,Edm.DateTime
Person,86,Chastity,Edm.String,Bremner,Edm.String,2016-12-02T06:20:06.045Z,Edm.DateTime
Person,87,Karry,Edm.String,Bertrand,Edm.String,2016-12-02T06:20:06.045Z,Edm.DateTime
Person,88,Zola,Edm.String,Maroney,Edm.String,2016-12-02T06:20:06.045Z,Edm.DateTime
Person,89,Drew,Edm.String,Holzworth,Edm.String,2016-12-02T06:20:06.045Z,Edm.DateTime
Person,90,Reva,Edm.String,Orta,Edm.String,2016-12-02T06:20:06.045Z,Edm.DateTime
Person,91,Kenyatta,Edm.String,Devillier,Edm.String,2016-12-02T06:20:06.045Z,Edm.DateTime
Person,92,Soraya,Edm.String,Buczek,Edm.String,2016-12-02T06:20:06.045Z,Edm.DateTime
Person,93,Magnolia,Edm.String,Arel,Edm.String,2016-12-02T06:20:06.045Z,Edm.DateTime
Person,94,Faustina,Edm.String,Schweigert,Edm.String,2016-12-02T06:20:06.045Z,Edm.DateTime
Person,95,Jerry,Edm.String,Atwater,Edm.String,2016-12-02T06:20:06.045Z,Edm.DateTime
Person,96,Edmundo,Edm.String,Voshell,Edm.String,2016-12-02T06:20:06.045Z,Edm.DateTime
Person,97,Allyson,Edm.String,Bench,Edm.String,2016-12-02T06:20:06.045Z,Edm.DateTime
Person,98,Augustus,Edm.String,Shanklin,Edm.String,2016-12-02T06:20:06.045Z,Edm.DateTime
Person,99,Pinkie,Edm.String,Stump,Edm.String,2016-12-02T06:20:06.045Z,Edm.DateTime
Person,100,Eloy,Edm.String,Bogar,Edm.String,2016-12-02T06:20:06.045Z,Edm.DateTime
